{
  "version": "0.3.3",
  "timestamp": "2026-02-28 00:57:06Z",
  "latency_mode": "api",
  "latency_ms": 2.011566665411616,
  "model": "vLLM_txn545_Qwen3.5-122B-A10B-NVFP4",
  "prefix_caching_enabled": false,
  "max_concurrency": 4,
  "benchmarks": [
    {
      "concurrency": 1,
      "context_size": 0,
      "prompt_size": 2048,
      "response_size": 32,
      "is_context_prefill_phase": false,
      "pp_throughput": {
        "mean": 1786.8853228828102,
        "std": 122.2767549477859,
        "values": [
          1743.8311595395076,
          1663.370474530942,
          1953.4543345779807
        ]
      },
      "pp_req_throughput": {
        "mean": 1786.8853228828102,
        "std": 122.2767549477859,
        "values": [
          1743.8311595395076,
          1663.370474530942,
          1953.4543345779807
        ]
      },
      "tg_throughput": {
        "mean": 15.17977637893788,
        "std": 0.016299054595599462,
        "values": [
          15.179575360680062,
          15.159915463648414,
          15.199838312485165
        ]
      },
      "tg_req_throughput": {
        "mean": 15.17977637893788,
        "std": 0.016299054595599462,
        "values": [
          15.179575360680062,
          15.159915463648414,
          15.199838312485165
        ]
      },
      "peak_throughput": {
        "mean": 16.0,
        "std": 0.0,
        "values": [
          16.0,
          16.0,
          16.0
        ]
      },
      "peak_req_throughput": {
        "mean": 16.0,
        "std": 0.0,
        "values": [
          16.0,
          16.0,
          16.0
        ]
      },
      "ttfr": {
        "mean": 1153.7266470016523,
        "std": 76.23257988689097,
        "values": [
          1177.0106420008233,
          1233.2465990039054,
          1050.9227000002284
        ]
      },
      "est_ppt": {
        "mean": 1151.7150803362408,
        "std": 76.23257988689097,
        "values": [
          1174.9990753354116,
          1231.2350323384937,
          1048.9111333348167
        ]
      },
      "e2e_ttft": {
        "mean": 1153.8098949968116,
        "std": 76.21926465369924,
        "values": [
          1177.0963219896657,
          1233.3114630018827,
          1051.0218999988865
        ]
      },
      "throughput_over_time": null,
      "requests_throughput_over_time": null
    },
    {
      "concurrency": 2,
      "context_size": 0,
      "prompt_size": 2048,
      "response_size": 32,
      "is_context_prefill_phase": false,
      "pp_throughput": {
        "mean": 2166.0791651022914,
        "std": 119.2792256441108,
        "values": [
          2228.83575720768,
          2270.3014151984835,
          1999.1003229007097
        ]
      },
      "pp_req_throughput": {
        "mean": 1119.6673022810573,
        "std": 62.54615207968193,
        "values": [
          1115.6423302533149,
          1115.792267580672,
          1136.231949140576,
          1136.7796918513886,
          1212.9424853536998,
          1000.6150895066927
        ]
      },
      "tg_throughput": {
        "mean": 29.888094019270508,
        "std": 3.1468504718110215,
        "values": [
          31.621581345139305,
          32.57103599117689,
          25.471664721495316
        ]
      },
      "tg_req_throughput": {
        "mean": 15.368636054708839,
        "std": 1.1169014024585984,
        "values": [
          15.811300715044183,
          15.810675206357635,
          16.285656663146224,
          16.285813804829036,
          13.083143524447244,
          14.935226414428715
        ]
      },
      "peak_throughput": {
        "mean": 33.333333333333336,
        "std": 0.9428090415820634,
        "values": [
          34.0,
          34.0,
          32.0
        ]
      },
      "peak_req_throughput": {
        "mean": 16.666666666666668,
        "std": 0.4714045207910317,
        "values": [
          17.0,
          17.0,
          17.0,
          17.0,
          16.0,
          16.0
        ]
      },
      "ttfr": {
        "mean": 1838.1220765028654,
        "std": 106.84503788568426,
        "values": [
          1838.6216920043807,
          1838.374893006403,
          1805.340545004583,
          1805.3513119957643,
          1691.29199400777,
          2049.752022998291
        ]
      },
      "est_ppt": {
        "mean": 1836.1105098374537,
        "std": 106.84503788568435,
        "values": [
          1836.610125338969,
          1836.3633263409913,
          1803.3289783391713,
          1803.3397453303526,
          1689.2804273423583,
          2047.7404563328796
        ]
      },
      "e2e_ttft": {
        "mean": 1838.1767908334343,
        "std": 106.81273465663654,
        "values": [
          1838.628076002351,
          1838.4626519982703,
          1805.424096994102,
          1805.359808000503,
          1691.4253210125025,
          2049.7607909928774
        ]
      },
      "throughput_over_time": null,
      "requests_throughput_over_time": null
    },
    {
      "concurrency": 4,
      "context_size": 0,
      "prompt_size": 2048,
      "response_size": 32,
      "is_context_prefill_phase": false,
      "pp_throughput": {
        "mean": 2407.0964158973015,
        "std": 83.36174833713392,
        "values": [
          2460.20147960579,
          2471.695739674873,
          2289.3920284112405
        ]
      },
      "pp_req_throughput": {
        "mean": 622.8117200351988,
        "std": 36.653831535891634,
        "values": [
          615.4382692857303,
          615.1820126700561,
          615.7638539524894,
          615.7427494482816,
          618.3834718319703,
          618.4297169083316,
          618.4777190554838,
          618.2711593229108,
          572.672041652757,
          696.3530115688461,
          696.301027163482,
          572.7256075620484
        ]
      },
      "tg_throughput": {
        "mean": 54.29496383383616,
        "std": 8.178808627969078,
        "values": [
          60.2329690291287,
          59.92214856458851,
          42.72977390779125
        ]
      },
      "tg_req_throughput": {
        "mean": 14.114521973906113,
        "std": 1.5059408471691864,
        "values": [
          15.058702209475847,
          15.05861946279881,
          15.058656439733497,
          15.059123908110683,
          14.981054330491133,
          14.980897606124218,
          14.98121488070867,
          14.980946372225578,
          13.676004839800658,
          10.93169178501576,
          10.931912474725097,
          13.67543937766338
        ]
      },
      "peak_throughput": {
        "mean": 62.666666666666664,
        "std": 1.8856180831641267,
        "values": [
          64.0,
          64.0,
          60.0
        ]
      },
      "peak_req_throughput": {
        "mean": 15.666666666666666,
        "std": 0.4714045207910317,
        "values": [
          16.0,
          16.0,
          16.0,
          16.0,
          16.0,
          16.0,
          16.0,
          16.0,
          15.0,
          15.0,
          15.0,
          15.0
        ]
      },
      "ttfr": {
        "mean": 3302.696608413195,
        "std": 185.70520072263474,
        "values": [
          3331.3462899968727,
          3331.107602993143,
          3331.2099059985485,
          3329.699958994752,
          3315.489518994582,
          3315.2417429955676,
          3314.984591997927,
          3314.4740179996006,
          3579.9756560008973,
          2944.4846599944867,
          2944.704338995507,
          3579.641015996458
        ]
      },
      "est_ppt": {
        "mean": 3300.685041747784,
        "std": 185.70520072263474,