{
  "version": "0.3.3",
  "timestamp": "2026-02-28 00:16:22Z",
  "latency_mode": "api",
  "latency_ms": 1.8395693332422525,
  "model": "vLLM_txn545_Qwen3.5-122B-A10B-NVFP4",
  "prefix_caching_enabled": false,
  "max_concurrency": 4,
  "benchmarks": [
    {
      "concurrency": 1,
      "context_size": 0,
      "prompt_size": 2048,
      "response_size": 32,
      "is_context_prefill_phase": false,
      "pp_throughput": {
        "mean": 1910.6227846139084,
        "std": 75.86321004380797,
        "values": [
          1805.0891504804358,
          1946.661511318528,
          1980.1176920427615
        ]
      },
      "pp_req_throughput": {
        "mean": 1910.6227846139084,
        "std": 75.86321004380797,
        "values": [
          1805.0891504804358,
          1946.661511318528,
          1980.1176920427615
        ]
      },
      "tg_throughput": {
        "mean": 15.237865562639739,
        "std": 0.01008163401576875,
        "values": [
          15.250323158096595,
          15.22563132960512,
          15.237642200217499
        ]
      },
      "tg_req_throughput": {
        "mean": 15.237865562639739,
        "std": 0.01008163401576875,
        "values": [
          15.250323158096595,
          15.22563132960512,
          15.237642200217499
        ]
      },
      "peak_throughput": {
        "mean": 16.0,
        "std": 0.0,
        "values": [
          16.0,
          16.0,
          16.0
        ]
      },
      "peak_req_throughput": {
        "mean": 16.0,
        "std": 0.0,
        "values": [
          16.0,
          16.0,
          16.0
        ]
      },
      "ttfr": {
        "mean": 1076.0003186684723,
        "std": 43.71466544378999,
        "values": [
          1136.9635599985486,
          1054.4108500034781,
          1036.62654600339
        ]
      },
      "est_ppt": {
        "mean": 1074.16074933523,
        "std": 43.71466544378999,
        "values": [
          1135.1239906653063,
          1052.5712806702359,
          1034.7869766701479
        ]
      },
      "e2e_ttft": {
        "mean": 1076.0869646716553,
        "std": 43.71743632358898,
        "values": [
          1137.0524240046507,
          1054.5054110116325,
          1036.7030589986825
        ]
      },
      "throughput_over_time": null,
      "requests_throughput_over_time": null
    },
    {
      "concurrency": 2,
      "context_size": 0,
      "prompt_size": 2048,
      "response_size": 32,
      "is_context_prefill_phase": false,
      "pp_throughput": {
        "mean": 2164.91852755866,
        "std": 118.69209631448605,
        "values": [
          2232.259027002523,
          2264.404815198885,
          1998.0917404745733
        ]
      },
      "pp_req_throughput": {
        "mean": 1118.8279224809885,
        "std": 62.036974060768834,
        "values": [
          1117.3196934964246,
          1117.3565442411946,
          1133.4563046828414,
          1133.4768806974187,
          1211.302704436007,
          1000.0554073320442
        ]
      },
      "tg_throughput": {
        "mean": 29.880066734805865,
        "std": 3.3248809616725934,
        "values": [
          32.718342567414666,
          31.707525935093074,
          25.214331701909863
        ]
      },
      "tg_req_throughput": {
        "mean": 15.354054826073638,
        "std": 1.2027943493091504,
        "values": [
          16.359312175227206,
          16.35945858587417,
          15.853903079643999,
          15.854169803045629,
          12.946796510882521,
          14.750688801768304
        ]
      },
      "peak_throughput": {
        "mean": 32.666666666666664,
        "std": 1.8856180831641267,
        "values": [
          34.0,
          34.0,
          30.0
        ]
      },
      "peak_req_throughput": {
        "mean": 16.333333333333332,
        "std": 0.9428090415820634,
        "values": [
          17.0,
          17.0,
          17.0,
          17.0,
          15.0,
          15.0
        ]
      },
      "ttfr": {
        "mean": 1839.0989644976798,
        "std": 106.28575991518116,
        "values": [
          1835.692505002953,
          1835.632023998187,
          1809.5845979987644,
          1809.5517819892848,
          1693.406831996981,
          2050.726045999909
        ]
      },
      "est_ppt": {
        "mean": 1837.2593951644376,
        "std": 106.28575991518116,
        "values": [
          1833.8529356697109,
          1833.7924546649447,
          1807.745028665522,
          1807.7122126560425,
          1691.5672626637388,
          2048.8864766666666
        ]
      },
      "e2e_ttft": {
        "mean": 1839.1654473355932,
        "std": 106.26371134014956,
        "values": [
          1835.7466489978833,
          1835.6453840096947,
          1809.6683580079116,
          1809.5850620011333,
          1693.5628329956671,
          2050.7843980012694
        ]
      },
      "throughput_over_time": null,
      "requests_throughput_over_time": null
    },
    {
      "concurrency": 4,
      "context_size": 0,
      "prompt_size": 2048,
      "response_size": 32,
      "is_context_prefill_phase": false,
      "pp_throughput": {
        "mean": 2393.828005612257,
        "std": 84.67328575625625,
        "values": [
          2274.117417704253,
          2451.1575643899264,
          2456.209034742592
        ]
      },
      "pp_req_throughput": {
        "mean": 618.6513122778491,
        "std": 34.93749516412294,
        "values": [
          687.6656686037103,
          687.6746528267905,
          568.7918546908118,
          569.2214034695156,
          613.0714532383269,
          613.3834614998311,
          612.8448088562229,
          613.4189836657516,
          614.4249241719884,
          614.4228517931226,
          614.4398881775838,
          614.4557963405337
        ]
      },
      "tg_throughput": {
        "mean": 53.21470521393144,
        "std": 8.485637959944047,
        "values": [
          41.219366442831834,
          59.517273280654145,
          58.90747591830834
        ]
      },
      "tg_req_throughput": {
        "mean": 13.791338933746056,
        "std": 1.5991569033247026,
        "values": [
          10.537512635489302,
          10.537501861128368,
          12.995802319751684,
          12.995338414910515,
          14.880514587287728,
          14.880270239995168,
          14.879612337312725,
          14.88005973455783,
          14.727209958851669,
          14.727569747289055,
          14.727303761181826,
          14.727371607196842
        ]
      },
      "peak_throughput": {
        "mean": 61.333333333333336,
        "std": 3.7712361663282534,
        "values": [
          56.0,
          64.0,
          64.0
        ]
      },
      "peak_req_throughput": {
        "mean": 15.333333333333334,
        "std": 0.9428090415820632,
        "values": [
          14.0,
          14.0,
          14.0,
          14.0,
          16.0,
          16.0,
          16.0,
          16.0,
          16.0,
          16.0,
          16.0,
          16.0
        ]
      },
      "ttfr": {
        "mean": 3324.349832584024,
        "std": 181.05441320011414,
        "values": [
          2981.4851929986617,
          2981.4462649956113,
          3604.211830999702,
          3603.250176005531,
          3344.027480998193,
          3343.957720004255,
          3343.6317659943597,
          3343.7641829950735,
          3336.6652240074473,
          3336.6764719976345,
          3336.584008007776,
          3336.497672004043
        ]
      },
      "est_ppt": {
        "mean": 3322.510263250782,
        "std": 181.05441320011414,